Bias,Model,Rs,Rp,Cp,Rp1,Cp1,Rp2,Cp2,Rp3,Cp3,tau1,tau2,tau3
500,R_RC_RC,31.20968654411888,,,22.62049140010715,3.1927501313676003e-08,197.180440871423,4.1253269928343824e-08,,,9.964473081367719e-07,1.2875016233835363e-06,
